"auc","acc","Sensitivity","Specificity","Top10Lift","Top20Lift","Top30Lift","Top40Lift","Top50Lift","under_rate","Data_Type"
0.67172941695037,0.33554299083642,0.332208841642804,0.894736842105263,2.03987139748748,2.13815789473684,1.77643123960949,1.64473684210526,1.48690008537957,0.4,"Test"
0.663354310884102,0.616377461493469,0.616326050288314,0.625,1.97406909434272,2.03947368421053,1.75449998973777,1.5625,1.25004874434566,0.5,"Test"
0.656364259951648,0.624293234548645,0.62448515278704,0.592105263157895,1.97406909434272,2.10526315789474,1.82029373935293,1.48026315789474,1.18425670516957,NA,"Test"
0.687823430687847,0.334613620729191,0.325981961012511,0.907335907335907,2.14334862385321,2.01754800522179,1.84048217910247,1.65542913031268,1.54440154440154,0.4,"Train"
0.68261068229791,0.656816097225407,0.657782950247309,0.592664092664093,2.10472972972973,1.98858798600808,1.81474116960454,1.48168146648978,1.18532818532819,0.5,"Train"
0.507200317238141,0.498022242604907,0.49816700610998,0.488416988416988,1.06201958839574,0.99429399300404,1.01033462279402,0.960438475021062,0.969111969111969,NA,"Train"
